"Id","School"
"2","Auburn"
"3","Birmingham-Southern"
"5","UAB"
"6","South Alabama"
"7","Amherst"
"8","Arkansas"
"9","Arizona State"
"11","Colorado Mesa"
"12","Arizona"
"13","Cal Poly"
"15","Anna Maria College"
"16","Sacramento State"
"17","Claremont-Mudd-Scripps College"
"18","Bridgewater State"
"21","San Diego State"
"23","San José State"
"24","Stanford"
"25","California"
"26","UCLA"
"29","Redlands"
"30","USC"
"32","Carroll University (WI)"
"33","Colby College"
"36","Colorado State"
"38","Colorado"
"40","Curry College"
"41","UConn"
"43","Yale"
"46","Georgetown"
"47","Howard"
"48","Delaware"
"49","Dubuque"
"50","Florida A&M"
"52","Florida State"
"53","Florida Tech"
"55","Jacksonville State"
"56","Stetson"
"57","Florida"
"58","South Florida"
"59","Georgia Tech"
"60","Morehouse College"
"61","Georgia"
"62","Hawai'i"
"63","Buena Vista"
"65","Grinnell"
"66","Iowa State"
"67","Luther"
"68","Boise State"
"70","Idaho"
"72","Elmhurst"
"74","Millikin"
"75","North Park"
"77","Northwestern"
"79","Southern Illinois"
"80","Chicago"
"81","Springfield"
"83","Depauw"
"84","Indiana"
"86","Rose-Hulman"
"87","Notre Dame"
"89","Wabash College"
"90","Pittsburg St"
"93","Murray State"
"95","Pikeville"
"96","Kentucky"
"97","Louisville"
"98","Western Kentucky"
"99","LSU"
"101","Eureka College"
"103","Boston College"
"107","Holy Cross"
"108","Harvard"
"109","MIT"
"110","Mass Maritime"
"111","Northeastern"
"112","Tufts"
"113","Massachusetts"
"114","Fitchburg State"
"118","Johns Hopkins University"
"119","Towson"
"120","Maryland"
"121","Bates"
"124","Augsburg"
"125","Grand Valley State University"
"126","Kalamazoo"
"127","Michigan State"
"128","Northern Michigan"
"129","Saginaw Valley State"
"130","Michigan"
"131","Wayne State (MI)"
"132","Bemidji State"
"133","St. Olaf"
"134","Minnesota Duluth"
"135","Minnesota"
"137","Missouri Western"
"138","Northwest Missouri St"
"142","Missouri"
"143","Washington University (St. Louis)"
"145","Ole Miss"
"146","Grove City College"
"147","Montana State"
"148","Montana Tech"
"149","Montana"
"150","Duke"
"151","East Carolina"
"152","NC State"
"153","North Carolina"
"154","Wake Forest"
"155","North Dakota"
"158","Nebraska"
"159","Dartmouth"
"160","New Hampshire"
"162","Hamline University"
"163","Princeton"
"164","Rutgers"
"166","New Mexico State"
"167","New Mexico"
"171","Columbia"
"172","Cornell"
"173","Hartwick"
"174","Hobart College"
"175","Ithaca College"
"183","Syracuse"
"184","University of Rochester (NY)"
"188","Baldwin Wallace"
"189","Bowling Green"
"190","Defiance College"
"191","Heidelberg"
"193","Miami (OH)"
"194","Ohio State"
"195","Ohio"
"196","Northeastern State"
"197","Oklahoma State"
"199","Southeastern Oklahoma State"
"200","Southern Nazarene"
"201","Oklahoma"
"202","Tulsa"
"203","Linfield College"
"204","Oregon State"
"205","Pacific (OR)"
"209","Lock Haven University"
"210","Millersville"
"213","Penn State"
"215","Slippery Rock"
"216","Susquehanna"
"218","Temple"
"219","Pennsylvania"
"221","Pittsburgh"
"222","Villanova"
"223","West Chester"
"225","Brown"
"227","Rhode Island"
"228","Clemson"
"231","Furman"
"233","South Dakota"
"235","Memphis"
"236","Chattanooga"
"237","Union (NY)"
"238","Vanderbilt"
"239","Baylor"
"241","McMurry"
"242","Rice"
"245","Texas A&M"
"246","Juniata College"
"247","Kings College (PA)"
"248","Houston"
"249","North Texas"
"251","Texas"
"252","BYU"
"253","Southern Utah"
"254","Utah"
"255","Knox College"
"256","James Madison"
"257","Richmond"
"258","Virginia"
"259","Virginia Tech"
"262","Lake Forest College"
"263","Loras College"
"264","Washington"
"265","Washington State"
"266","Beloit"
"267","LAKELAND"
"268","Lawrence University"
"271","Wisconsin-Oshkosh"
"272","Wisconsin-Platteville"
"273","MacMurray College"
"274","Maine Maritime"
"275","Wisconsin"
"276","Marshall"
"277","West Virginia"
"278","Fresno State"
"282","Indiana State"
"284","Stonehill"
"286","North Carolina Wesleyan"
"290","Georgia Southern"
"291","Methodist"
"293","Castleton"
"294","Jacksonville"
"295","Old Dominion"
"297","Hampden-Sydney"
"301","San Diego"
"302","UC Davis"
"304","Idaho State"
"306","Illinois Wesleyan"
"308","Ashland"
"309","Louisiana"
"311","Maine"
"314","Iona"
"316","Dickinson State University"
"317","Marietta"
"319","Oklahoma Baptist"
"322","Lafayette"
"323","Moravian"
"324","Coastal Carolina"
"326","Texas State"
"328","Utah State"
"330","Virginia St"
"331","Eastern Washington"
"332","Muskingum University"
"333","Alabama"
"336","Wesleyan University (CT)"
"338","Kennesaw State"
"340","Bowdoin"
"341","Frostburg State"
"344","Mississippi State"
"348","Hamilton"
"349","Army"
"351","Wingate"
"352","Kenyon"
"354","Olivet College"
"356","Illinois"
"359","Otterbein"
"363","Principia College"
"365","Alfred University"
"366","Ferrum"
"367","Gannon"
"374","St John Fisher University"
"375","St. Scholastica"
"379","UMass Dartmouth"
"386","Trinity University TX"
"388","Lebanon Valley"
"389","Upper Iowa University"
"390","Utica"
"391","Oberlin"
"395","St. Augustine's"
"396","Wheaton"
"398","Wilkes"
"399","UAlbany"
"402","Worcester St"
"409","Concordia-Wisconsin"
"411","Chapman"
"415","NEWBERG"
"417","Gallaudet"
"418","Hendrix College"
"421","Maranatha Baptist College"
"424","Capital"
"425","Northern State"
"426","University of Mount Union"
"427","Ohio Northern"
"433","Westminster College (MO)"
"437","Lake Erie"
"446","Martin Luther"
"452","Endicott College"
"455","West Virginia Wesleyan"
"471","Stevenson"
"479","Becker College"
"481","Mount Ida College"
"487","Bacone College"
"488","Baker University"
"490","Benedict College"
"492","Bethany (KS)"
"495","BLUEFIELD"
"507","Concordia University Nebraska"
"509","Crown College"
"510","Culver-Stockton College"
"511","Cumberland (KY)"
"512","Dakota State University"
"513","Dakota Wesleyan"
"527","Friends University"
"530","Graceland University"
"535","Haskell Indian Nations Univ"
"547","Kansas Wesleyan"
"548","Lagrange College"
"556","Malone"
"559","University of Mary"
"561","Mayville State"
"565","Midland Lutheran College"
"568","Minot State"
"583","Northwestern (MN)"
"587","Notre Dame College"
"597","Presentation"
"599","Robert Morris University-Illinois"
"611","Seton Hill"
"613","South Dakota Mines"
"616","Southwestern College"
"618","Sterling College"
"620","Taylor"
"625","Tiffin University"
"628","Valley City State"
"630","Wayland Baptist"
"2000","Abilene Christian"
"2001","Adams State"
"2003","Adrian"
"2005","Air Force"
"2006","Akron"
"2010","Alabama A&M"
"2011","Alabama State"
"2013","Albany State GA"
"2015","Albright"
"2016","Alcorn State"
"2017","Alderson-Broaddus"
"2018","Allegheny"
"2019","Allen"
"2022","American International"
"2023","Anderson (IN)"
"2025","Angelo State"
"2026","App State"
"2028","Arkansas-Monticello"
"2029","Arkansas-Pine Bluff"
"2032","Arkansas State"
"2033","Arkansas Tech"
"2038","Assumption"
"2042","Augustana (IL)"
"2043","Augustana University (SD)"
"2044","Aurora"
"2045","Austin"
"2046","Austin Peay"
"2047","Averett"
"2048","Avila University"
"2049","Azusa Pacific"
"2050","Ball State"
"2056","Belhaven"
"2059","Benedict"
"2060","Bentley"
"2062","Bethany (WV)"
"2064","Bethel University Tennessee"
"2065","Bethune-Cookman"
"2069","Black Hills State"
"2070","Blackburn"
"2071","Bloomsburg"
"2074","Bluffton"
"2075","Bowie State"
"2079","Bridgewater (VA)"
"2080","British Columbia"
"2083","Bucknell"
"2084","Buffalo"
"2085","Buffalo State"
"2086","Butler"
"2089","LIU Post"
"2094","California Lutheran University"
"2097","Campbell"
"2098","Campbellsville University"
"2101","Carleton"
"2102","Carnegie Mellon"
"2105","Carson-Newman College"
"2106","Carthage"
"2107","Catawba"
"2108","Catholic"
"2110","Central Arkansas"
"2115","Central Connecticut"
"2116","UCF"
"2117","Central Michigan"
"2118","Central Missouri"
"2119","Central State (OH)"
"2120","Central Washington"
"2121","Centre College Kentucky"
"2122","Central Oklahoma"
"2123","Chadron St"
"2127","Charleston Southern"
"2128","University Of Charleston (WV)"
"2129","Cheyney"
"2132","Cincinnati"
"2134","Clarion"
"2141","Coe College"
"2142","Colgate"
"2144","Colorado College"
"2146","Colorado School Of Mines"
"2148","Concord University"
"2151","Concordia University Chicago"
"2152","Concordia Moorhead"
"2155","Cornell College (IA)"
"2161","Cumberland (TN)"
"2166","Davidson"
"2168","Dayton"
"2169","Delaware State"
"2170","Delta State"
"2171","Denison University"
"2175","Dickinson (PA)"
"2181","Drake"
"2184","Duquesne"
"2188","East Stroudsburg University"
"2189","Earlham"
"2191","East Central (OK)"
"2193","East Tennessee State"
"2194","East Texas Baptist University"
"2197","Eastern Illinois"
"2198","Eastern Kentucky"
"2199","Eastern Michigan"
"2201","Eastern New Mexico"
"2202","Eastern Oregon"
"2205","Edinboro University"
"2206","Edward Waters"
"2207","Elizabeth City State"
"2210","Elon"
"2213","Emory & Henry College"
"2214","Emporia State University"
"2219","Faulkner University"
"2220","Fayetteville State"
"2221","FDU-Florham"
"2222","Ferris State"
"2224","Findlay"
"2226","Florida Atlantic"
"2229","Florida International"
"2230","Fordham"
"2231","Fort Hays State"
"2232","Fort Valley State"
"2233","Franklin"
"2234","Franklin & Marshall"
"2237","Fort Lewis"
"2241","Gardner-Webb"
"2242","Geneva"
"2244","George Mason University"
"2245","Georgetown College Kentucky"
"2247","Georgia State"
"2248","Gettysburg"
"2249","Glenville State"
"2254","Des Moines"
"2256","Greensboro College"
"2257","Greenville"
"2258","Guilford College"
"2261","Hampton"
"2262","Hanover College"
"2264","Harding University"
"2271","Henderson State"
"2273","Hillsdale"
"2274","Hiram College"
"2275","Hofstra"
"2277","Houston Christian"
"2278","Humboldt State"
"2280","Husson"
"2283","Benedictine University"
"2286","Illinois College"
"2287","Illinois State"
"2291","Indiana-Pennsylvania"
"2292","Indianapolis"
"2294","Iowa"
"2295","Iowa Wesleyan"
"2296","Jackson State"
"2302","John Carroll University"
"2304","Johnson C Smith"
"2305","Kansas"
"2306","Kansas State"
"2309","Kent State"
"2310","Kentucky State"
"2315","Kutztown University"
"2316","Kentucky Wesleyan"
"2318","La Verne"
"2320","Lamar"
"2321","Lambuth"
"2323","Lane College"
"2324","Langston University"
"2325","La Salle"
"2329","Lehigh"
"2331","Lenoir-Rhyne"
"2333","Lewis & Clark College"
"2335","Liberty"
"2336","Limestone"
"2339","Lincoln (PA)"
"2341","Long Island University"
"2347","Louisiana College"
"2348","Louisiana Tech"
"2349","UMass Lowell"
"2354","Lycoming"
"2355","Virginia University Of Lynchburg"
"2359","Macalester"
"2362","Manchester"
"2364","Minnesota State Mankato"
"2365","Mansfield University"
"2366","Marian College"
"2368","Marist"
"2369","Mars Hill"
"2371","Mary Hardin-Baylor"
"2373","Maryville College (TN)"
"2377","McNeese"
"2381","Menlo"
"2382","Mercer"
"2383","Merchant Marine Academy"
"2385","Mercyhurst"
"2390","Miami"
"2392","Michigan Tech"
"2393","Middle Tennessee"
"2394","Middlebury"
"2395","Midwestern State"
"2396","Miles College"
"2398","Millsaps"
"2399","Minnesota Morris"
"2400","Mississippi Valley State"
"2401","Mississippi College"
"2402","Missouri S&T"
"2403","Missouri Southern State"
"2405","Monmouth"
"2413","Morehead State"
"2415","Morgan State"
"2416","Morningside College"
"2419","Mount St. Joseph"
"2422","Muhlenberg"
"2424","New Mexico Highlands"
"2426","Navy"
"2428","North Carolina Central"
"2429","Charlotte"
"2433","UL Monroe"
"2437","Nebraska-Omaha"
"2438","Nebraska-Kearney"
"2439","UNLV"
"2440","Nevada"
"2441","New Haven"
"2442","College Of New Jersey"
"2444","Newberry"
"2447","Nicholls"
"2448","North Carolina A&T"
"2449","North Dakota State"
"2450","Norfolk State"
"2453","North Alabama"
"2458","Northern Colorado"
"2459","Northern Illinois"
"2460","Northern Iowa"
"2464","Northern Arizona"
"2466","Northwestern State"
"2467","Norwich"
"2471","Northwestern (IA)"
"2475","Occidental"
"2477","Ohio Dominican"
"2483","Oregon"
"2486","Pacific Lutheran"
"2487","Pace"
"2488","Paine"
"2502","Portland State"
"2504","Prairie View A&M"
"2506","Presbyterian"
"2508","Puget Sound"
"2509","Purdue"
"2516","Randolph-Macon"
"2519","Rhodes College"
"2523","Robert Morris"
"2524","Rockford"
"2528","Rensselaer"
"2529","Sacred Heart"
"2532","Salisbury"
"2534","Sam Houston"
"2535","Samford"
"2542","Savannah St"
"2545","SE Louisiana"
"2546","Southeast Missouri State"
"2551","Shaw"
"2553","Sewanee"
"2557","Coast Guard"
"2559","Shippensburg"
"2560","Shorter"
"2561","Siena"
"2562","Adrian"
"2564","Simpson College (IA)"
"2567","SMU"
"2568","Southern Arkansas"
"2569","South Carolina State"
"2570","CSU Pueblo"
"2571","South Dakota State"
"2572","Southern Miss"
"2579","South Carolina"
"2582","Southern"
"2583","Southern Connecticut State"
"2584","Southern Oregon"
"2586","Southwest Baptist"
"2587","Southwest Minnesota State"
"2588","Southwestern University"
"2591","St Ambrose University  Iowa"
"2594","St. Cloud State"
"2595","St Francis Illinois"
"2598","St. Francis (PA)"
"2600","Saint John's (MN)"
"2601","St. Joseph's (IN)"
"2608","St. Mary's (CA)"
"2611","St. Paul's College"
"2612","St. Peter's"
"2614","Saint Vincent"
"2615","St. Xavier IL"
"2617","Stephen F. Austin"
"2619","Stony Brook"
"2623","Missouri State"
"2627","Tarleton State"
"2628","TCU"
"2630","UT Martin"
"2633","Tennessee"
"2634","Tennessee State"
"2635","Tennessee Tech"
"2636","UTSA"
"2637","Texas College"
"2638","UTEP"
"2639","Texas Lutheran"
"2640","Texas Southern"
"2641","Texas Tech"
"2643","The Citadel"
"2644","Thiel"
"2646","Thomas More College"
"2649","Toledo"
"2651","Trine University"
"2652","Trinity (IL)"
"2653","Troy"
"2654","Truman State"
"2655","Tulane"
"2657","Tuskegee"
"2658","Texas A&M-Kingsville"
"2666","Urbana"
"2667","Ursinus"
"2673","Valdosta State"
"2674","Valparaiso"
"2676","Virginia Union"
"2678","VMI"
"2681","Wagner"
"2682","Walsh"
"2683","Warner University"
"2685","Wartburg"
"2686","Washington & Jefferson"
"2687","Washburn"
"2688","Washington and Lee"
"2691","Webber International"
"2692","Weber State"
"2695","West Alabama"
"2698","West Georgia"
"2699","West Liberty"
"2700","McDaniel College"
"2701","Montana-Western"
"2702","Western New England"
"2703","Western New Mexico"
"2704","West Texas A&M"
"2706","West Virginia Institute Of Tech"
"2707","West Virginia State"
"2710","Western Illinois"
"2711","Western Michigan"
"2714","Western Colorado"
"2717","Western Carolina"
"2721","Whitworth"
"2723","Wisconsin-River Falls"
"2725","Widener"
"2729","William & Mary"
"2731","Williams"
"2733","Wilmington (OH)"
"2736","Winston-Salem"
"2738","Wisconsin-Eau Claire"
"2740","Wisconsin-Lacrosse"
"2741","Wisconsin-Lutheran"
"2743","Wisconsin-Stevens Pt"
"2744","Wisconsin-Stout"
"2745","Wisconsin-Whitewater"
"2746","Wittenberg"
"2747","Wofford"
"2748","Wooster"
"2749","Worcester Polytechnic Institute"
"2750","Wright State University"
"2751","Wyoming"
"2754","Youngstown State"
"2755","Grambling"
"2757","Berry College"
"2758","Howard Payne"
"2770","MANITOBA"
"2771","Merrimack"
"2772","Minnesota-Crookston"
"2776","Salve Regina"
"2779","St. Lawrence"
"2781","Brockport"
"2782","Cortland"
"2790","Albion"
"2800","Alma"
"2802","Bethel (MN)"
"2803","Bryant"
"2804","Chowan"
"2805","Clark Atlanta"
"2808","Delaware Valley"
"2810","Hardin-Simmons"
"2812","Hope College"
"2815","Lindenwood"
"2816","McKendree"
"2817","Minnesota State Moorhead"
"2818","Montclair State"
"2822","North Greenville"
"2823","Northwestern Oklahoma State"
"2824","Oklahoma Panhandle St"
"2825","Quincy"
"2827","Rowan"
"2828","Shenandoah"
"2829","Simon Fraser"
"2830","St. Anselm"
"2831","University Of St Francis IN"
"2832","St. Norbert"
"2834","Sul Ross State"
"2837","East Texas A&M"
"2838","Tiffin"
"2839","Greeneville"
"2841","Union College"
"2842","UVA Wise"
"2843","Western Connecticut St"
"2844","Wayne State (NE)"
"2845","Waynesburg"
"2846","Wesley College"
"2847","Western Washington"
"2848","Western Oregon"
"2849","Westminster (PA)"
"2850","Whittier"
"2851","Winona State"
"2858","PennWest California"
"2860","Central Methodist"
"2865","Evangel University"
"2871","Kean"
"2876","Lincoln (MO)"
"2877","Lindsey Wilson College"
"2880","St. Louis"
"2882","UNC Pembroke"
"2884","Nichols College"
"2886","Northwood (MI)"
"2888","Ouachita Baptist"
"2890","Reinhardt University"
"2891","Ripon"
"2894","Sioux Falls"
"2896","Southern Virginia"
"2900","St. Thomas (MN)"
"2904","Southwestern Assemblies Of God"
"2907","Trinity International (IL)"
"2909","Westfield State"
"2911","William Jewell"
"2912","William Penn"
"2913","Brevard College"
"2916","Incarnate Word"
"2919","Monmouth (IL)"
"2923","Pomona Pitzer"
"2927","Southwestern Oklahoma State"
"2930","Willamette"
"2938","Huntingdon College (AL)"
"2939","Jamestown College"
"2940","Livingstone"
"2948","Stillman"
"2951","SUNY Maritime"
"2963","Case Western Reserve"
"2964","Central College"
"2967","Framingham State"
"2968","Gustavus Adolphus"
"2969","Misericordia"
"2970","William Paterson"
"2972","Plymouth State"
"2974","Shepherd"
"2977","Trinity (CT)"
"2980","Ohio Wesleyan"
"2985","Concordia-Michigan"
"2986","Fairmont State"
"3066","Concordia University St Paul"
"3071","North Central College"
"3077","Kentucky Christian"
"3080","Waldorf College"
"3099","Concordia (AL)"
"3100","Monterrey Tech"
"3101","Utah Tech"
"3110","SUNY Morrisville"
"3111","Apprentice School"
"3112","Christopher Newport"
"3130","Williamson Trade School"
"3144","SOUTH"
"3145","NORTH"
"3146","East"
"3147","West"
"3161","Ohio State Newark"
"3162","Alfred State"
"3178","Ave Maria University"
"3179","Point University"
"3181","Shepherd Tech"
"3193","American"
"3194","National"
"3197","NORTH FLORIDA"
"3198","SOUTH FLORIDA STARS"
"3209","Lindenwood Belleville"
"3210","Cole College"
"3211","West Memphis"
"3212","University Of Mexico"
"3214","Trinity Bible College"
"3236","Erie"
"3237","Troy"
"3253","Charlotte"
"3254","St. Petersburg"
"5829","Doane College"
"6353","Lakeland"
"6584","Mcpherson College"
"6845","Nebraska Wesleyan"
"16111","Benedictine College"
"101161","LYONCOLL"
"101442","CENTENARY"
"101784","ERSKINE"
"102071","Lawrence Tech"
"102118","Louisburg"
"102626","Texas Wesleyan"
"108354","Holland College"
"108358","Phoenix"
"108382","College of Idaho"
"108398","Ohio Midwestern College"
"109418","Finlandia University"
"109423","Fork Union"
"109425","University of God's Chosen"
"110242","West Florida"
"110243","UT Permian Basin"
"110254","Davenport"
"110255","Cincinnati Christian"
"110263","Morthland"
"110438","Dean College"
"111610","Laurinburg"
"111674","Reading"
"111675","Biddeford"
"111755","Middle Georgia State College"
"111756","Indiana Wesleyan"
"112334","Franklin Pierce"
"112335","Wheeling"
"112390","Ottawa University Arizona"
"121695","Bethany Co"
"121696","MARIAN (IN"
"121754","Bethel Col"
"122666","Wilson"
"122774","Keystone"
"122775","Elgin"
"122776","Thaddeus Stevens"
"123086","North American University"
"124110","UFTL"
"124179","Lincoln (CA)"
"124180","Bluefield State"
"124386","Little Rock"
"124390","MONTANASTN"
"125730","St. Thomas University (Fl)"
"125762","Florida Memorial University"
"125974","Hilbert College"
"126086","Post University"
"126110","Keiser University"
"126146","Madonna University"
"127078","Madonna University (Mich.)"
"127230","Keiser (Fl)"
"127946","Columbus State"
"127954","Eastern University"
"127991","Roosevelt"
"129469","Anderson (Sc)"
"129738","Calvin University"
"129741","William Woods"
"129758","Simpson University (Ca)"
"1000000","Iowa Pre-Flight"
"1000001","Denver"
"1000002","Swarthmore"
"1000003","Santa Clara"
"1000004","San Francisco"
"1000005","North Carolina Pre-Flight"
"1000006","Long Beach State"
"1000007","California-Santa Barbara"
"1000008","Alameda Coast Guard"
"1000009","Amarillo Field"
"1000010","Boston University"
"1000011","Bradley"
"1000012","Cal State Fullerton"
"1000013","Cal State Los Angeles"
"1000014","Camp Grant"
"1000015","Carlisle"
"1000016","Centenary (LA)"
"1000017","Creighton"
"1000018","Del Monte Pre-Flight"
"1000019","Detroit Mercy"
"1000020","Drury"
"1000021","Erskine"
"1000022","Fort Benning"
"1000023","Fort Riley"
"1000024","Fort Warren"
"1000025","George Washington"
"1000026","Georgia Pre-Flight"
"1000027","Gonzaga"
"1000028","Great Lakes Navy"
"1000029","Haskell"
"1000030","Haverford"
"1000031","Jacksonville Naval Air Station"
"1000032","Lombard"
"1000033","Loyola (LA)"
"1000034","Loyola Marymount"
"1000035","Lubbock Field"
"1000036","Manhattan"
"1000037","March Field"
"1000038","Mare Island Marines"
"1000039","Marquette"
"1000040","Nashville"
"1000041","New York University"
"1000042","Norman Naval Air Station"
"1000043","Oglethorpe"
"1000044","Pacific"
"1000045","Phillips"
"1000046","Portland"
"1000047","Quantico Marines"
"1000048","Randolph Field"
"1000049","Regis (CO)"
"1000050","Saint Louis"
"1000051","Saint Mary's (CA)"
"1000053","Second Air Force"
"1000054","Spring Hill"
"1000055","Stevens"
"1000056","Tampa"
"1000057","Tennessee Medical College"
"1000058","Texas-Arlington"
"1000059","Union (NY)"
"1000060","Vermont"
"1000061","Wesleyan (CT)"
"1000062","Whitman"
"1000063","Wichita State"
"1000064","Xavier"
"1000065","Saint Mary's (CA) Pre-Flight"
"1000066","City College of New York"
"1000067","Eton"
"1000068","Canada All-Stars"
"1000069","McGill"
"1000070","Philadelphia All-Stars"
"1000071","Stevens Alumni"
"1000072","Britannia"
"1000073","Pennsylvania Military"
"1000074","Ottawa"
"1000075","Crescent A.C."
"1000076","Montreal"
"1000077","Princeton Alumni"
"1000078","British Club of New York"
"1000079","Detroit A.C."
"1000080","Brooklyn Polytechnic Institute"
"1000081","Seton Hall"
"1000082","Pennsylvania Alumni"
"1000083","Lewisburg A.C."
"1000084","Yale/Princeton/Harvard Grads"
"1000085","Yale Alumni"
"1000086","Columbia Law"
"1000087","Falls of Schuylkill"
"1000088","Tioga"
"1000089","Andover"
"1000090","Exeter"
"1000091","Vineland"
"1000092","Harvard Alumni"
"1000093","Active Football Club"
"1000094","Harvard B"
"1000095","Williston"
"1000096","Olympic A.C."
"1000097","Palmyra"
"1000098","Wyoming Seminary"
"1000099","Ridgefield A.C."
"1000100","Orange A.C."
"1000101","Boston A.C."
"1000102","Manhattan A.C."
"1000103","Swarthmore Alumni"
"1000104","Columbia A.C."
"1000105","Troy Laureates"
"1000106","New York A.C."
"1000107","Schuylkill Navy"
"1000108","Lehigh A.C."
"1000109","Chicago A.C."
"1000110","Connecticut Literary"
"1000111","Fall River"
"1000112","Berkeley A.C."
"1000113","St. John's (Maryland)"
"1000114","Princeton A.C."
"1000115","Montclair A.C."
"1000116","New York Law"
"1000117","Boston Latin High"
"1000118","Syracuse A.C."
"1000119","Boston English High"
"1000120","Lake View High"
"1000121","Temperance A.C."
"1000122","Chicago YMCA"
"1000123","Hyde Park High"
"1000124","Michigan A.C."
"1000125","Minnesota Alumni"
"1000126","University Club of Chicago"
"1000127","Englewood High"
"1000128","Englewood YMCA"
"1000129","Mount Hermon"
"1000130","Doane"
"1000131","Baker"
"1000132","Kansas City A.C."
"1000133","Pittsburgh A.C."
"1000134","Harvard Freshmen"
"1000135","Volunteer A.C."
"1000136","Denver A.C."
"1000137","Greenfield"
"1000138","Lawrenceville"
"1000139","Dean Academy"
"1000140","Bankers A.C."
"1000141","Yale Freshmen"
"1000142","Armour"
"1000143","Pastime A.C."
"1000144","Chicago Dining Club"
"1000145","Manual Training High"
"1000146","St. John's M.A."
"1000147","Camp Adams"
"1000148","C.M.T.S."
"1000149","Michigan Military Academy"
"1000150","Indianapolis Artillery"
"1000151","Rush Medical"
"1000152","Evanston High"
"1000153","Olivet"
"1000154","Hartford"
"1000155","F.A.A."
"1000156","Case"
"1000157","Prairie A.C."
"1000158","Hyde Park"
"1000159","Laureate Boat Club"
"1000160","Reliance A.C."
"1000161","Salt Lake YMCA"
"1000162","Butte A.C."
"1000163","Eureka"
"1000164","Newton A.C."
"1000165","Minneapolis Central High"
"1000166","Yale Consolidated"
"1000167","Elizabeth A.C."
"1000168","South Berwick"
"1000169","Western Reserve"
"1000170","Sioux City A.C."
"1000171","Minneapolis Boat Club"
"1000172","Illinois Cycling Club"
"1000173","Adelbert"
"1000174","Princeton Seminary"
"1000175","St. Steven's"
"1000176","Duquesne A.C."
"1000177","Pittsfield A.C."
"1000178","Hopkinson"
"1000179","Amherst YMCA"
"1000180","Baltimore A.C."
"1000181","Wheaton High"
"1000182","Minneapolis South High"
"1000183","Worcester A.C."
"1000184","Greer"
"1000185","Chicago Alumni"
"1000186","Hahnemann Medical"
"1000187","Northwestern Academy"
"1000188","Grand Rapids High"
"1000189","Madison High"
"1000190","Physicians & Surgeons"
"1000191","Pennsylvania Reserves"
"1000192","Bennett Medical"
"1000193","Mount Airy Deaf School"
"1000194","Maryland A.C."
"1000195","New Jersey A.C."
"1000196","White Squadron"
"1000197","York YMCA"
"1000198","Phoenix A.C."
"1000199","Williamsport"
"1000200","Newtowne A.C."
"1000201","Pennsylvania College"
"1000202","Lancaster Crescents"
"1000203","Mount St. Mary's"
"1000204","Maryland-Baltimore"
"1000205","Northwestern Alumni"
"1000206","Connecticut-Waterbury"
"1000207","Wisconsin Alumni"
"1000208","Purdue Alumni"
"1000209","Ohio Medical"
"1000210","Northwest Division High"
"1000211","Wisconsin-Whitewater"
"1000212","Austin High"
"1000213","Bradford National Guard"
"1000214","Phialdelphia YMCA"
"1000215","Dixon"
"1000216","Illinois Alumni"
"1000217","Campello"
"1000218","Portland A.C."
"1000219","West Division High"
"1000220","Panora"
"1000221","Northwestern Dental"
"1000222","Walton"
"1000223","Western (Iowa)"
"1000224","Lake Forest Academy"
"1000225","Shamokin"
"1000226","Lake Forest Alumni"
"1000227","Shattuck"
"1000228","Fitchburg YMCA"
"1000229","South Side Academy"
"1000230","Waukegan High"
"1000231","Newark A.C."
"1000232","Medford A.C."
"1000233","Pontiac A.C."
"1000234","Phoenix Indians"
"1000235","Cortland State"
"1000236","St. Paul Central High"
"1000237","North Division High"
"1000238","Sacred Heart (Wisconsin)"
"1000239","Des Moines Baptist"
"1000240","Grinnell Alumni"
"1000241","Indiana Alumni"
"1000242","Worcester Academy"
"1000243","Lincoln High"
"1000244","Goshen"
"1000245","Nebraska Alumni"
"1000246","St. Lawrence"
"1000247","S.B. Howard Park"
"1000248","La Salle"
"1000249","Vincennes"
"1000250","Camp Preble"
"1000251","Kansas City Medical"
"1000252","Tarkio"
"1000253","Needham"
"1000254","Homestead A.C."
"1000255","Fort Sheridan"
"1000256","Rockford YMCA"
"1000257","American Osteopath"
"1000258","South Bend A.C."
"1000259","Milwaukee Medical"
"1000260","Vermont Methodist Seminary"
"1000261","Marion Sims"
"1000262","Still"
"1000263","Chicago College"
"1000264","Medico-Chirurgical"
"1000265","Elgin Academy"
"1000266","SMTS"
"1000267","Chicago Medical"
"1000268","Clarkson"
"1000269","Des Moines"
"1000270","Philadelphia A.C."
"1000271","Burlingame A.C."
"1000272","Syracuse Alumni"
"1000273","Athens A.C."
"1000274","St. Paul's (New Hampshire)"
"1000275","Newburyport A.C."
"1000276","Rock Island A.C."
"1000277","Dickinson Seminary"
"1000278","Freeport High"
"1000279","Steelton YMCA"
"1000280","Boulder High"
"1000281","Colorado Springs High"
"1000282","Oak Ridge"
"1000283","Golden High"
"1000284","Grinnell High"
"1000285","Mooney"
"1000286","Onondaga"
"1000287","Chicago Dental"
"1000288","Bingham"
"1000289","Denver Manual High"
"1000290","St. Albans"
"1000291","Birmingham High"
"1000292","Quincy A.C."
"1000293","King"
"1000294","Marion"
"1000295","Central (Kentucky)"
"1000296","Tulane Alumni"
"1000297","Transylvania"
"1000298","Wisconsin-Oshkosh"
"1000299","East Denver High"
"1000300","Longmont High"
"1000301","Tennessee-Memphis"
"1000302","Trinity (Texas)"
"1000303","American Medical"
"1000304","Washington YMCA"
"1000305","Charleston"
"1000306","Waterton"
"1000307","Pueblo YMCA"
"1000308","West Denver High"
"1000309","Central Academy"
"1000310","North Denver High"
"1000311","East Des Moines High"
"1000312","Minneapolis Eastern High"
"1000313","Highland Park"
"1000314","Beloit High"
"1000315","Grand Island"
"1000316","Emporia College"
"1000317","Columbia Alumni"
"1000318","Columbia YMCA"
"1000319","Montgomery A.C."
"1000320","Missouri-Rolla"
"1000321","Chilocco"
"1000322","Texas Deaf School"
"1000323","Omaha Light Guards"
"1000324","Welch Neck High"
"1000325","Mercersburg Academy"
"1000326","Fort Worth"
"1000327","Watertown"
"1000328","Kingfisher"
"1000329","Hedding"
"1000330","Colorado College Alumni"
"1000331","Daniel Baker"
"1000332","Shurtleff"
"1000333","New York Naval Militia"
"1000334","Pueblo High"
"1000335","Savannah A.C."
"1000336","Bellevue"
"1000337","Peoria Socials A.C."
"1000339","Lawton"
"1000340","Sherman"
"1000341","Twin Cities Central High"
"1000342","Friends"
"1000343","Rockford High"
"1000344","Colorado Alumni"
"1000345","McDaniel"
"1000346","Williams Alumni"
"1000347","Augustana (South Dakota)"
"1000348","Indiana Medical"
"1000349","Camp McPherson"
"1000350","Jefferson Medical"
"1000351","Georgetown (Kentucky)"
"1000352","Marine Officers"
"1000353","Camp McKinley"
"1000354","Kents Hill"
"1000355","Lincoln Medical"
"1000356","Norfolk A.C."
"1000357","Shreveport A.C."
"1000358","Toledo A.C."
"1000359","Union (Tennessee)"
"1000360","Jersey Shore"
"1000361","Hampton A.C."
"1000362","Augusta Military Academy"
"1000363","Geneva"
"1000364","Culver"
"1000365","St. Thomas"
"1000366","Pensacola A.C."
"1000367","Pennsylvania Railroad YMCA"
"1000368","Marshalltown"
"1000369","William Jewell"
"1000370","Twin Cities High"
"1000371","Westminster (Pennsylvania)"
"1000372","Wendell Phillips High"
"1000373","Houston YMCA"
"1000375","Company I"
"1000377","Hebron Academy"
"1000378","Buckner Business College"
"1000379","Actual Business College"
"1000380","St. Viator"
"1000381","Tennessee Deaf School"
"1000382","Fort Ethan Allen"
"1000383","Roanoke"
"1000384","Westminster (Missouri)"
"1000385","North Georgia"
"1000386","American"
"1000387","Austin"
"1000388","Moline A.C."
"1000389","Pittsburgh Lyceum"
"1000390","Charles City"
"1000391","Fort Douglas"
"1000392","Northwestern (Wisconsin)"
"1000393","Massilon A.C."
"1000394","Butler YMCA"
"1000395","Cheyenne High"
"1000396","Canton A.C."
"1000397","USS Washington"
"1000398","Hastings"
"1000399","26th Infantry"
"1000400","St. Mary's (Kansas)"
"1000401","Brayton"
"1000402","Niagara"
"1000403","Monroe A.C."
"1000404","Gordon"
"1000405","West Texas Military"
"1000406","Grove City"
"1000407","Kansas City Veterinary"
"1000408","Bellefonte Academy"
"1000409","Altoona A.C."
"1000410","Peru State"
"1000411","Ogden High"
"1000412","Jefferson"
"1000413","Tennessee Military"
"1000414","Salt Lake High"
"1000415","Drake Alumni"
"1000416","Newton High"
"1000417","St. Vincent's (California)"
"1000418","Utah Alumni"
"1000419","Multnomah A.C."
"1000420","Havana University"
"1000421","Conway Hall"
"1000422","Wetumpka"
"1000423","Stroudsburg"
"1000424","New Orleans Gym Club"
"1000425","Warrenton Preparatory"
"1000426","Superba A.C."
"1000427","Leander Clarke"
"1000428","Eastern (Virginia)"
"1000429","Castle Heights"
"1000430","Jackson Br.-New Orleans"
"1000431","Baltimore"
"1000432","Camp Meyer"
"1000433","Wisconsin Freshmen"
"1000434","North Carolina Medical"
"1000435","James Millikin"
"1000436","Ouachita"
"1000437","Fishburne M.A."
"1000438","Morganton Mutes"
"1000439","Independence A.C."
"1000440","Birmingham"
"1000441","Virginia Boat Club"
"1000442","Barnes Medical"
"1000443","Washington (Maryland)"
"1000444","Norman Park"
"1000445","Laramie High"
"1000446","Athens"
"1000447","Porter Military"
"1000448","Vanderbilt Alumni"
"1000449","11th Cavalry"
"1000450","Port Royal"
"1000451","Camp Russell"
"1000453","West End Amateurs"
"1000454","Mount Carmel All-Stars"
"1000455","USS Franklin"
"1000456","Parris Island Marines"
"1000457","Oklahoma City"
"1000458","Havana A.C."
"1000460","Locust Grove"
"1000461","Sewanee Medical"
"1000462","St. Bonaventure"
"1000463","Marshall School"
"1000464","Denver Alumni"
"1000465","Seamen Gunners"
"1000466","Memphis High"
"1000467","Harrisburg A.C."
"1000468","Blountsville Agricultural"
"1000469","Anderson"
"1000470","Georgia Medical"
"1000471","Horner"
"1000472","Sterling A.C."
"1000473","Alabama Southern"
"1000474","Morgan"
"1000475","Wyoming Alumni"
"1000476","Fort Leavenworth"
"1000477","Harvard Law"
"1000478","Nebraska Wesleyan"
"1000479","Charleston Navy"
"1000480","Norfolk Blues"
"1000481","Alabama Presbyterian"
"1000482","Parsons (Iowa)"
"1000483","Kearney"
"1000484","Winchester"
"1000485","Meteor A.C."
"1000486","Columbia College"
"1000487","Virginia Medical"
"1000488","Latrobe A.C."
"1000489","Vigilant A.C."
"1000490","Morris Harvey"
"1000491","Dallas"
"1000492","Harry Hillman Academy"
"1000493","Southwestern (Kansas)"
"1000494","Vicksburg A.C."
"1000495","Bethel"
"1000496","Riverside"
"1000497","Mount Pleasant"
"1000498","St. Mary's (Texas)"
"1000499","Toronto All-Stars"
"1000500","Catholic"
"1000501","Utah State Alumni"
"1000502","Logan All-Stars"
"1000503","Staats A.C."
"1000504","Tampa A.C."
"1000505","Vedado A.C."
"1000506","Central (Iowa)"
"1000507","Davis & Elkins"
"1000508","Florida Southern"
"1000509","10th District A.C."
"1000510","Marion County High"
"1000511","Virginia Tech Alumni"
"1000512","Alma"
"1000513","Cal Poly-Pomona"
"1000514","Christian Brothers"
"1000515","Newberry A.C."
"1000516","Missouri-Kansas City"
"1000517","Machinists Mates"
"1000518","North Alabama A.C."
"1000519","South Denver High"
"1000521","Tonkawa Preparatory"
"1000522","Oklahoma Mines"
"1000523","New England All-Stars"
"1000524","Kansas Wesleyan"
"1000525","Ellsworth"
"1000526","Chamberlain Hunt"
"1000527","St. Paul"
"1000528","Florence YMCA"
"1000531","Reina Mercedes"
"1000532","Granite High"
"1000533","Richmond Blues"
"1000534","Montana Tech"
"1000535","Clemson Freshmen"
"1000536","Olympic Club"
"1000537","Originals A.C."
"1000538","Oregon State Alumni"
"1000539","Denver Freshmen"
"1000540","Meridian"
"1000541","West Logan High"
"1000543","Chick Springs Military"
"1000544","Ballard Meteors"
"1000545","Georgia Tech B"
"1000546","Bremerton Navy"
"1000547","Bailey Military"
"1000548","Georgia B"
"1000549","47th Infantry"
"1000550","Camp Logan"
"1000551","7th Infantry"
"1000552","Army Ambulance Corps"
"1000553","Kiski Preparatory"
"1000554","Ohio Am. Corp."
"1000555","Illinois Medical"
"1000556","Camp Wadsworth"
"1000557","1st Texas Artillery"
"1000558","Navy Hospital Corps"
"1000559","Camp Lyons"
"1000560","Vancouver Barracks"
"1000561","Utah Field Artillery"
"1000562","362nd Infantry"
"1000563","Washington Artillery"
"1000564","Camp Funston"
"1000565","Navy Reserves"
"1000566","2nd Texas 132nd Infantry"
"1000567","Camp Devens"
"1000568","League Island Navy"
"1000569","Camp MacAurthur"
"1000570","Newport Navy"
"1000571","111th Ambulance"
"1000572","Camp Gordon"
"1000573","Camp Sherman"
"1000574","Camp Lee"
"1000575","Camp Doniphan"
"1000576","Camp Sevier"
"1000577","Camp Pike"
"1000578","Chanute Field"
"1000579","Camp MacDowell"
"1000580","Carruthers Field"
"1000581","Goat Island Navy"
"1000582","Presidio of San Francisco"
"1000583","Chicago Naval Reserve"
"1000584","Fremont Ammuntion"
"1000585","Overland Station"
"1000586","Ream Field"
"1000587","Penn Radio School"
"1000588","Crane J.C."
"1000589","Camp Greenleaf"
"1000590","MacAurthur Field"
"1000591","Camp Baker"
"1000592","USS Minnesota"
"1000593","Pelham Bay Navy"
"1000594","Camp Travis"
"1000595","U.S. Marines"
"1000596","Belmont A.C."
"1000597","Barron Field"
"1000598","Camp Griffin"
"1000599","Camp Hancock"
"1000600","48th Infantry"
"1000601","Carleton-St. Olaf"
"1000602","Newport NTS"
"1000603","Philadelphia Naval Yard"
"1000604","Navy Transport"
"1000605","Camp Humphreys"
"1000606","Loyola Academy"
"1000607","Camp Taylor"
"1000608","Kelly Field"
"1000609","Mare Island Navy"
"1000610","St. Helena NTS"
"1000611","Post Field"
"1000612","Foundation"
"1000613","Payne Field"
"1000614","Hoboken Navy"
"1000615","Love Field"
"1000616","Wissahickon Barracks"
"1000617","St. Joseph's (Pennsylvania)"
"1000618","Camp Dodge"
"1000619","Camp Harrison"
"1000620","Mather Field"
"1000621","Camp Shelby"
"1000622","Norfolk Navy"
"1000623","Omaha Balloon"
"1000624","Standifer Shipbuilders"
"1000625","Camp Mabry"
"1000626","Camp Greene"
"1000627","Park Field"
"1000628","Fort Oglethorpe"
"1000629","Scott Field"
"1000630","Lieutenants"
"1000631","Fort Des Moines"
"1000632","Garden City"
"1000633","2nd Developmemt Regiment"
"1000634","Cleveland Naval Reserves"
"1000635","Camp Perry"
"1000636","San Pedro Navy"
"1000637","Balboa NTS"
"1000638","USS Utah"
"1000639","Norfolk Navy Yard"
"1000640","Burleson"
"1000641","Rusk"
"1000642","Norfolk Navy Base"
"1000643","Fort Jackson"
"1000644","Wesley"
"1000645","Decatur Baptist"
"1000646","Hampton Road"
"1000647","Rooks"
"1000648","USS Boston"
"1000649","New York State"
"1000650","Pacific (Oregon)"
"1000651","USS New York"
"1000652","USS Mercy"
"1000653","Hamilton A.C."
"1000654","Alabama Medical"
"1000655","Sewanee Club (Virginia)"
"1000656","Cotton City A.C."
"1000657","Pacific Fleet"
"1000658","US Recup. Company"
"1000659","Southern Military Academy"
"1000660","Lanier"
"1000661","Missouri Wesleyan"
"1000662","Bryson"
"1000664","Ogden A.C."
"1000665","Wake Forest Freshmen"
"1000666","Chemawa"
"1000667","St. Edward's"
"1000668","9th Amry Corps"
"1000669","Rollins"
"1000670","Carlstrom Field"
"1000671","DePaul"
"1000672","Albertson"
"1000673","Pearl Harbor"
"1000674","Piedmont"
"1000675","Atlantic Christian"
"1000676","USS Mississippi"
"1000677","3rd Army Corps"
"1000678","Southern California Alumni"
"1000679","Southern Methodist Freshmen"
"1000680","Talladega"
"1000681","Montana Wesleyan"
"1000682","Lynchburg"
"1000683","USS Idaho"
"1000684","American Legion"
"1000685","Thiel"
"1000686","Southern College"
"1000687","California Alumni"
"1000688","Norfolk Fire Department"
"1000689","Fort Bragg"
"1000690","California Tech"
"1000691","Gonzaga Alumni"
"1000692","Carroll (Montana)"
"1000693","Wilmington"
"1000694","Wyoming Faculty"
"1000695","Colorado State Freshmen"
"1000696","Hawaii All-Stars"
"1000697","West Seattle A.C."
"1000698","Northeastern Oklahoma State"
"1000699","Clarke Memorial"
"1000700","USS Maryland"
"1000701","Drexel"
"1000702","Centerville (Butte)"
"1000703","Scout Fleet"
"1000704","Providence"
"1000705","Intermountain"
"1000706","Canisius"
"1000707","Englewood"
"1000708","USS Oklahoma"
"1000709","Louisiana State Freshmen"
"1000710","Los Angeles A.C."
"1000711","USS New Mexico"
"1000712","Loyola (Chicago)"
"1000713","Loyola (Baltimore)"
"1000714","Schuylkill"
"1000715","Ozarks"
"1000716","Hastings State"
"1000717","Montezuma"
"1000718","Loras"
"1000719","High Point"
"1000720","YMI"
"1000721","West Coast Army"
"1000722","USS Tennessee"
"1000723","Anaconda Anodes"
"1000724","Ellensburg"
"1000725","Scranton"
"1000726","20th Infantry"
"1000727","1st Infantry"
"1000728","Edmond Tech"
"1000729","St. Louis Alumni-Hawaii"
"1000730","Texas Military"
"1000731","UAY All-Stars"
"1000732","El Paso National Guard"
"1000733","Sacaton Indians"
"1000734","St. Mary's (Minnesota)"
"1000735","Oklahoma Teachers"
"1000736","University of Mexico"
"1000737","New Mexico Military"
"1000738","Oregon College"
"1000739","Eastern Arizona J.C."
"1000740","Arizona All-Stars"
"1000741","West Coast Navy"
"1000743","King George"
"1000744","Casa Blanca Indians"
"1000745","San Diego Marines"
"1000746","New Mexico Tech"
"1000747","Notre Dame B"
"1000748","Bridgewater"
"1000749","Phoenix All-Stars"
"1000750","Los Angeles Junior College"
"1000751","Dixie"
"1000752","Evansville"
"1000753","Columbia (Oregon)"
"1000754","North Dakota Teachers"
"1000755","Fort Lewis College"
"1000756","St. Benedict"
"1000757","Tennessee Wesleyan"
"1000758","Kamehameha Alumni"
"1000759","Newport News"
"1000760","Texas Wesleyan"
"1000761","Wayne State"
"1000762","Hiwassee"
"1000763","St. Vincent's (Pennsylvania)"
"1000764","Upsala"
"1000765","Rockhurst"
"1000766","Moffett Field"
"1000767","Camp Davis"
"1000768","Fort Ord"
"1000769","Camp Haan"
"1000770","260th Coast Artillery"
"1000771","Blackland Field"
"1000772","Kirtland Field"
"1000773","Camp Pickett"
"1000774","Corpus Christi NAS"
"1000775","Colorado Springs Field"
"1000776","Fort Monmouth"
"1000777","Fort Knox"
"1000778","Lakehurst NAS"
"1000779","Idaho Marines"
"1000780","Waco Field"
"1000781","Second Air Force (Washington)"
"1000782","Albuquerque Field"
"1000783","Pensacola NAS"
"1000784","Fort Totten"
"1000785","Manhattan Beach Coast Guard"
"1000786","Spence Field"
"1000787","Daniel Field"
"1000788","Santa Ana Field"
"1000789","Camp Lejeune"
"1000790","Lowry Field"
"1000791","Richmond Field"
"1000792","Sampson NTS"
"1000793","Curtis Bay Coast Guard"
"1000794","Pleasanton Navy"
"1000795","Bryan Field"
"1000796","Pacific All-Stars"
"1000797","Memphis Navy"
"1000798","Monticello Navy"
"1000799","Salt Lake Field"
"1000800","Louisiana Army STU"
"1000801","San Diego Navy"
"1000802","South Plains Field"
"1000803","Camp Kilmer"
"1000804","Greenville Field"
"1000805","Ottumwa Pre-Flight"
"1000806","Charleston Coast Guard"
"1000807","Pomona Ordinance Base"
"1000808","Bainbridge NTS"
"1000809","Greensboro Field"
"1000810","Yuma Field"
"1000811","Norfolk Marines"
"1000812","Washington Redskins (NFL)"
"1000813","Second Air Force (Colorado)"
"1000814","Brooklyn Tigers (NFL)"
"1000815","Mayport NAS"
"1000816","Milligan"
"1000817","Abilene Field"
"1000818","Galveston Field"
"1000819","Fleet City"
"1000820","San Diego Bombers (PCFL)"
"1000821","Olathe Navy"
"1000822","Jackson Field"
"1000823","Fort Monroe"
"1000824","Lincoln Field"
"1000825","Beaumont Hospital"
"1000826","Cherry Point Marines"
"1000827","Fort Pierce"
"1000828","El Toro Marines"
"1000829","Camp Polk"
"1000830","Fort Bliss"
"1000831","Chatham Field"
"1000832","Morris Field"
"1000833","Edmonton Field"
"1000834","St. Olaf"
"1000835","Melville PT Boats"
"1000836","Portsmouth Fleet"
"1000837","New London Submarine Base"
"1000838","Atlantic City NAS"
"1000839","Missouri Valley"
"1000840","Bunker Hill Navy"
"1000841","Maxwell Field"
"1000842","Brooklyn"
"1000843","San Francisco Clippers (AFL)"
"1000844","College All-Stars"
"1000845","Barksdale Field"
"1000846","Camp Blanding"
"1000847","Hondo Field"
"1000848","Lackland Field"
"1000849","Bergstrom Field"
"1000850","Ellington Field"
"1000851","Keesler Field"
"1000852","Louisville Field"
"1000853","Squantum NAS"
"1000854","Camp Beale"
"1000855","Kearney Field"
"1000856","Bogue Field"
"1000857","Berg Field"
"1000858","Herington Field"
"1000859","Farragut Navy"
"1000860","McClellan Field"
"1000861","Camp Mackall"
"1000862","Dalhart Field"
"1000863","Oceana NAS"
"1000864","U.S. Amphibians"
"1000865","Williams Field"
"1000866","Camp McClelland"
"1000867","Pepperdine"
"1000868","Fresno State JV"
"1000869","Alameda NAS"
"1000870","Leilahau"
"1000871","Mohawk"
"1000872","Adelphi"
"1000873","Midwestern Texas State"
"1000874","Alliance"
"1000875","San Pedro A.C."
"1000876","Texas A&M-Corpus Christi"
"1000877","White Sands"
"1000878","Pacific Submarines"
"1000879","Camp Hood"
"1000880","Camp Pendleton"
"1000881","Brandeis"
"1000882","Bolling Field"
"1000883","Carswell AFB"
"1000885","Frederick"
"1000886","Parsons"
"1000887","Cal State Northridge"
"1000888","San Francisco State"
"1000889","Hayward State"
"1000890","U.S. International"
"1000891","California-Riverside"
"1000892","Wisconsin-Milwaukee"
"1000893","Bishop"
"1000894","Lincoln"
"1000895","Missouri Southern"
"1000896","Moorhead State"
"1000897","Mankato State"
"1000898","Sonoma State"
"1000899","Edward Waters"
"1000900","Camp Peary"
"1000901","Third Air Force"
"1000903","Maryland-Eastern Shore"
"1000904","Wisc. Stout"
"1000906","Australia"
"1000907","Western Ontario"
"1000908","Stillman"
"1000910","Morris Brown"
"1000911","Knoxville"
"1000912","Concordia Canada"
"1000914","Southwest State"
"1000915","Alverno College"
"1000916","Oregon Tech"
"1000917","Cameron"
"1000918","Queen's"
"1000919","Salem International"
"1000920","Saint Mary's"
"1000921","Georgetown (KY)"
"1000922","Concordia College (MN)"
"1000923","West Virginia State"
"1000924","UC Riverside"
"1000925","Fisk University"
"1000927","Northwestern (IA)"
"1000928","Central Missouri"
"1000929","Broaddus College"
"1000930","Salem"
"1000932","Lewis"
"1000933","Cisco College"
"1000934","Missouri Western State"
"1000935","Winston-Salem State"
"1000936","City College of San Francisco"
"1000937","Mississippi Gulf Coast C.C."
"1000938","Texas-Permian Basin"
"1000939","Butler C.C."
"1000940","Hutchinson C.C."
"1000941","Snow College"
"1000942","Independence C.C."
"1000943","Iowa Central C.C."
"1000946","Santa Rosa J.C."
"1000947","Butler C.C."
"1000948","Butler C.C."
"1000949","Blinn College"
"1000950","Professional"
"1000951","Professional"
"1000952","College of the Canyons"
"1000953","Hutchinson C.C."
"1000954","Kilgore J.C."
"1000955","Lindenwood University"
"1000956","New Mexico Military Institute"
"1000957","Garden City C.C. "
"1000959","Blinn College"
"1000960","College of Charleston"
"1000961","Blinn College"
"1000962","Blinn College"
"1000963","Independence C.C."
"1000964","Independence C.C."
"1000965","Butler County (KS)"
"1000967","Tyler J.C. "
"1000968","St. Thomas University"
"1000969","Trinity Valley C.C."
"1000971","Limestone College"
"1000972","Livingstone College"
"1000973","Iowa Western C.C."
"1000977","Navarro College"
"1000978","Concordia University"
"1000979","Hinds C.C."
"1000980","Southwest Mississippi C.C."
"1000981","Fairfield"
"1000982","Holmes C.C."
"1000983","Saint Francis (PA)"
"1000984","Hillsdale College"
"1000985","Copiah-Lincoln C.C."
"1000986","De Anza College"
"1000987","California, Pa."
"1000988","Palomar College"
"1000989","Cerritos College"
"1000990","Lackawanna C.C."
"1000991","Coffeyville C.C."
"1000992","Erskine College"
"1000993","Lackawanna College"
"1000994","Laney College"
"1000995","Monash University"
"1000996","Riverside C.C."
"1000997","East Mississippi C.C."
"1000998","Tufts University"
"1000999","Augustana"
"1001000","University of Guelph"
"1001001","Shippensburg University"
"1001002","Hope "
"1001003","Saint Anselm"
"1001004","Aurora University"
"1001005","Franklin College"
"1001006","Albany State"
"1001007","Southeast Oklahoma State"
"1001008","Carroll College"
"1001009","Johnson C. Smith University"
"1001010","Barton C.C."
"1001011","CSU-Pueblo"
"1001012","Nebraska Kearney"
"1001013","British Columbia"
"1001014","Toronto Argonauts"
"1001015","England"
"1001016","Highland C.C."
"1001017","El Camino College"
"1001018","Edinboro University"
"1001019","Saint Francis"
"1001020","Minnesota Duluth"
"1001021","Itawamba C.C."
"1001022","Long Beach City College"
